query,recommended artists,all tags
techno music that isn't harsh,"Caribou, Four Tet, Flying Lotus, Four Tet, Gold Panda",Uploaded
oldies but goodies,"Aretha Franklin, The Beach Boys, Stevie Wonder, The Supremes, Bill Withers",Uploaded
music that makes you want to dance,"Daft Punk, LCD Soundsystem, Fatboy Slim, Caravan Palace",Uploaded
non-twangy country music,"Johnny Cash, Willie Nelson, George Strait, Hank Williams Jr., Dolly Parton",Uploaded
music that sounds like a horror movie,"The Misfits, John Carpenter, John Williams, Behemoth, Ghost",Uploaded
music for a wedding,"The Beatles, The Beach Boys, Frank Sinatra, Louis Armstrong, Ella Fitzgerald",Uploaded
chill out music,"Bonobo, Thievery Corporation, Massive Attack, The Cinematic Orchestra",Uploaded
new age music,"Enya, Enigma, Deep Forest, Yanni, Vangelis",Uploaded
singers with really high voices,"Shirley Bassey, Judy Garland, Barbra Streisand, Mariah Carey",Uploaded
modern classical music that isn't boring,"John Adams, Philip Glass, Arvo Pärt, Steve Reich, John Cage",Uploaded
experimental music,"Animal Collective, Death Grips, Aphex Twin, Flying Lotus, Frank Zappa",Uploaded
pop with horns,"Chicago, Blood Sweat & Tears, Tower of Power, The Band, Bruno Mars",Uploaded
singer-songwrit​ers with full bands,"Sufjan Stevens, Iron & Wine, The Tallest Man on Earth, Bon Iver, David Gray",Uploaded
streaming jazz,"Charles Mingus, Miles Davis, John Coltrane, Thelonious Monk, Dizzy Gillespie",Uploaded
chamber orchestra,"George Frideric Handel, Johann Sebastian Bach, Wolfgang Amadeus Mozart, Ludwig van Beethoven, Franz Joseph Haydn",Uploaded
intense songwriting,"Joanna Newsom, The Mountain Goats, Swans, Neutral Milk Hotel, Elliott Smith",Uploaded
new age/chill music,"Vangelis, Enya, Enigma, Deep Forest, Yanni","Synthetic, ULM 24B"
non-twangy bluegrass,"Bill Monroe, John Hartford, Ralph Stanley, David Grisman, New Grass Revival","Synthetic, ULM 24B"
bluegrass,"Doc Watson, The Dillards, Ralph Stanley, New Grass Revival, Earl Scruggs","Synthetic, ULM 24B"
folk/indie?,"The Shins, Fleet Foxes, The Antlers, Bon Iver, Animal Collective","Synthetic, ULM 24B"
piano bar music,"Vaughan Williams, Bill Evans, Brad Mehldau, Keith Jarrett, Dave Holland","Synthetic, ULM 24B"
opera,"Placido Domingo, Luciano Pavarotti, Enrico Caruso, Birgit Nilsson, Dietrich Fischer-Dieskau","Synthetic, ULM 24B"
songs that make you want to dance,"AC/DC, Beastie Boys, Queen, The Clash, The Rolling Stones","Synthetic, ULM 24B"
dark ambient,"Dead Can Dance, Coil, Current 93, Zoviet France, Current Value","Synthetic, ULM 24B"
acoustic hip-hop,"A Tribe Called Quest, MF Doom, Gorillaz, The Pharcyde, Oddisee","Synthetic, ULM 24B"
music for driving,"Bruce Springsteen, Paul Simon, Bob Dylan, Tom Petty, Johnny Cash","Synthetic, ULM 24B"
bands with a brass section,"M. Ward, The Fratellis, No Doubt, Cake, The Hold Steady","Synthetic, ULM 24B"
music for making out,"The XX, The Weeknd, Frank Ocean, Lana Del Rey, Burial","Synthetic, ULM 24B"
good for a road trip,"The B-52's, Van Halen, The Cars, Aerosmith, Queen","Synthetic, ULM 24B"
happy dance music,"Marvin Gaye, Daft Punk, Pharrell Williams, Stevie Wonder, Rihanna","Synthetic, ULM 24B"
music for a funeral,"The Beatles, The Beach Boys, Frank Sinatra, Louis Armstrong, Ella Fitzgerald","Synthetic, ULM 24B"
dark and moody acoustic music,"Nick Drake, Iron & Wine, Bon Iver, Elliott Smith, Sufjan Stevens","Synthetic, ULM 24B"
good electronic playlists,"Aphex Twin, Flying Lotus, Daft Punk, Amon Tobin, Chrome Sparks","Synthetic, ULM 24B"
modern music,"M.I.A., Kanye West, Jay Z., Jay Electronica, Gorillaz","Synthetic, ULM 24B"
good songwrit​ers,"Sufjan Stevens, Bruce Springsteen, Bob Dylan, Elliott Smith, The Tallest Man on Earth","Synthetic, ULM 24B"
instrumental with a melody,"Mogwai, Mogwai, M83, Sigur Rós, Max Richter","Synthetic, ULM 24B"
music for studying,"Bon Iver, Burial, Explosions in the Sky, Nils Frahm, Brian Eno","Synthetic, ULM 24B"
music that makes you feel like you're on a quest,"Lords of the Fallen Soundtrack, Skyrim Soundtrack, Assassin's Creed Soundtrack, Diablo 3 Soundtrack, World of Warcraft Soundtrack","Synthetic, ULM 24B"
music from the 1980's,"David Bowie, The Cure, Bruce Springsteen, Phil Collins, Joy Division","Synthetic, ULM 24B"
female-fronted rock bands,"The Julie Ruin, Sleater-Kinney, The Pipettes, The Donnas, Bikini Kill","Synthetic, ULM 24B"
alternative rock,"Joy Division, The Cure, Smashing Pumpkins, The Smiths, Talking Heads","Synthetic, ULM 24B"
classic country music,"Johnny Cash, Willie Nelson, George Strait, Hank Williams Jr., Dolly Parton","Synthetic, ULM 24B"
classical music that won't put me to sleep,"Mozart, Bach, Haydn, Handel, Vivaldi","Synthetic, ULM 24B"
punk in the New York style,"Blondie, The Ramones, Talking Heads, New York Dolls, The Strokes","Synthetic, ULM 24B"
female vocalists,"Carole King, Joni Mitchell, Madonna, Whitney Houston, Lady Gaga","Synthetic, ULM 24B"
music for a funeral,"Leonard Cohen, Roy Orbison, Johnny Cash, Nick Drake, Jeff Buckley","Synthetic, ULM 24B"
Christmas music,"Michael Bublé, Nat King Cole, Bing Crosby, Frank Sinatra, John Denver","Synthetic, ULM 24B"
80s bands,"Depeche Mode, The Cure, U2, OMD, Men Without Hats","Synthetic, ULM 24B"
happy songs,"The Beatles, Hall & Oates, ABBA, The Beach Boys, Michael Jackson","Synthetic, ULM 24B"
funky dance music,"Kool & The Gang, Fatback Band, Earth, Wind & Fire, Chaka Khan, Parliament","Synthetic, ULM 24B"
metal and hard rock,"Black Sabbath, Led Zeppelin, KISS, AC/DC, Judas Priest","Synthetic, ULM 24B"
music for getting hyped,"Kanye West, Skrillex, Justice, Major Lazer, Flo Rida","Synthetic, ULM 24B"
ambient music,"Brian Eno, Moby, Tim Hecker, Boards of Canada, Aphex Twin","Synthetic, ULM 24B"
hard rock music,"Iron Maiden, Tool, Led Zeppelin, Metallica, The Rolling Stones","Synthetic, ULM 24B"
hard-core rock music,"Lamb of God, Megadeth, Slayer, Anthrax, System of a Down","Synthetic, ULM 24B"
heavy rock,"Queens of the Stone Age, Queensryche, Soundgarden, Stone Temple Pilots, Alice in Chains","Synthetic, ULM 24B"
dance music that is mellow and relaxing,"The XX, Caribou, Flying Lotus, Four Tet, Gold Panda","Synthetic, ULM 24B"
electronica that isn't boring,"Hot Chip, The Avalanches, Boards of Canada, Aphex Twin, Moby","Synthetic, ULM 24B"
indie pop,"The XX, Passion Pit, The Postal Service, Arcade Fire, Grizzly Bear","Synthetic, ULM 24B"
music that isn't just pop music,"Radiohead, The Rolling Stones, Jimi Hendrix, Led Zeppelin, David Bowie","Synthetic, ULM 24B"
music for a rave,"Underworld, Aphex Twin, Daft Punk, Moby, Prodigy","Synthetic, ULM 24B"
electronic music for a road trip,"Kanye West, David Bowie, Arcade Fire, The Strokes","Synthetic, ULM 24B"
music about love,"The Beach Boys, The Beatles, Simon & Garfunkel, Otis Redding, John Legend","Synthetic, ULM 24B"
electronic music that sounds like an orchestra,"M83, Justice, Moderat, Daft Punk, The Chemical Brothers","Synthetic, ULM 24B"
rock with horns,"Chicago, Blood Sweat & Tears, Rush, Steely Dan, Cake","Synthetic, ULM 24B"
singer-songwriter folk music,"Bob Dylan, Simon & Garfunkel, Joni Mitchell, Leonard Cohen, Carole King","Synthetic, ULM 24B"
bands from the 90s,"Weezer, Green Day, The Smashing Pumpkins, Soundgarden, Hole","Synthetic, ULM 24B"
jazz-inspired,"Snarky Puppy, Snarky Puppy - The Four Valleys, Snarky Puppy - Bad Kids to the Front, Snarky Puppy - Thing of Gold, Snarky Puppy - Something's Coming","Synthetic, ULM 24B"
jazzy funk,"Tower of Power, Maceo Parker, Sharon Jones & The Dap-Kings, The Meters, Jamiroquai","Synthetic, ULM 24B"
alternative 80s pop,"The Cure, Depeche Mode, The Smiths, Joy Division, Tears for Fears","Synthetic, ULM 24B"
orchestral arrangements,"Thomas Newman, Hans Zimmer, Alan Menken, Danny Elfman, Ennio Morricone","Synthetic, ULM 24B"
music that sounds sexy,"Earth, Wind, & Fire, Aaliyah, Tom Jones, Michael Bublé","Synthetic, ULM 24B"
avant garde,"John Cage, Meredith Monk, Philip Glass, Laurie Anderson, Steve Reich","Synthetic, ULM 24B"
music to listen to while studying,"Bonobo, Thievery Corporation, Massive Attack, The Cinematic Orchestra, Tycho","Synthetic, ULM 24B"
classical music for kids,"Mozart, Tchaikovsky, Brahms, Vivaldi, Telemann","Synthetic, ULM 24B"
folk music that isn't boring,"Neutral Milk Hotel, Wilco, Joanna Newsom, Bob Dylan","Synthetic, ULM 24B"
hip hop instrumentals,"DJ Shadow, Pete Rock & CL Smooth, The Pharcyde, DJ Quik, RJD2","Synthetic, ULM 24B"
relaxing music,"Enya, Enigma, Deep Forest, Yanni, Vangelis","Synthetic, ULM 24B"
hip-hop music,"Public Enemy, A Tribe Called Quest, NWA, Kanye West, Wu-Tang Clan","Synthetic, ULM 24B"
dance music that isn't harsh,"Kanye West, James Murphy, Daft Punk, LCD Soundsystem, Fatboy Slim","Synthetic, ULM 24B"
electronic music with a beat,"Burial, Four Tet, Bonobo, Flying Lotus, Aphex Twin","Synthetic, ULM 24B"
heavy metal,"Black Sabbath, Black Flag, Pantera, Metallica, Slayer","Synthetic, ULM 24B"
music for when you're sad,"Radiohead, Bon Iver, The Smiths, Jeff Buckley, Elliott Smith","Synthetic, ULM 24B"
the Beatles song,"The Beatles, The Beastie Boys, The Beach Boys, The Bee Gees, Björk","Synthetic, ULM 24B"
folk music,"Woods, Fleet Foxes, Bob Dylan, Simon & Garfunkel","Synthetic, ULM 24B"
a cappella,"Pentatonix, Home Free, Sweet Honey in the Rock, The Real Group, Anonymous 4","Synthetic, ULM 24B"
classic rock,"Pink Floyd, The Eagles, The Rolling Stones, Led Zeppelin, Jimi Hendrix","Synthetic, ULM 24B"
music from the 1980s,"Prince, Madonna, Michael Jackson, The Police, The Cure","Synthetic, ULM 24B"
classical music,"George Frideric Handel, Johann Sebastian Bach, Wolfgang Amadeus Mozart, Ludwig van Beethoven","Synthetic, ULM 24B"
piano music,"Ludwig van Beethoven, Wolfgang Amadeus Mozart, Frederic Chopin, Franz Liszt","Synthetic, ULM 24B"
songs about love,"The Beach Boys, Elvis Presley, Frank Sinatra, The Beatles, Louis Armstrong","Synthetic, ULM 24B"
classical music,"George Frideric Handel, Johann Sebastian Bach, Wolfgang Amadeus Mozart, Ludwig van Beethoven, Franz Joseph Haydn","Synthetic, ULM 24B"
music for relaxing,"Yoga Sounds, Enya, Yanni, Vangelis, Enya","Synthetic, ULM 24B"
electronic dance music,"Daft Punk, Justice, DJ Snake, deadmau5, DJ Khaled","Synthetic, ULM 24B"
classical for bedtime,"Johann Pachelbel, Georg Philipp Telemann, Johann Sebastian Bach, Henry Purcell, George Frideric Handel","Synthetic, ULM 24B"
indie hip hop,"Theophilus London, Childish Gambino, A$AP Ferg, Joey Bada$$, Vince Staples","Synthetic, ULM 24B"
chill out music with drums,"Bonobo, Thievery Corporation, Massive Attack, The Cinematic Orchestra","Synthetic, ULM 24B"
good old-fashioned rock and roll,"Queen, The Rolling Stones, The Beatles, Led Zeppelin, David Bowie","Synthetic, ULM 24B"
indie pop music,"Of Monsters And Men, Foster The People, Mumford & Sons, Vampire Weekend","Synthetic, ULM 24B"
music for studying,"Hans Zimmer, Emancipator, Brian Eno, Tycho, Solar Fields","Synthetic, ULM 24B"
folk rock,"Dave Van Ronk, Bob Dylan, Richard Shindell, John Gorka, Ani Difranco","Synthetic, ULM 24B"
music for exercising,"Kanye West, Jay-Z, Kendrick Lamar, Nicki Minaj, Kanye West","Synthetic, ULM 24B"
classic rock,"The Beatles, Led Zeppelin, Pink Floyd, Jimi Hendrix, The Rolling Stones","Synthetic, ULM 24B"
music for getting shit done,"The Glitch Mob, Amon Tobin, Thievery Corporation, Justice","Synthetic, ULM 24B"
pop music,"Miley Cyrus, The 1975, Coldplay, Sia, Ed Sheeran","Synthetic, ULM 24B"
experimental music,"Sonic Youth, Captain Beefheart, Aphex Twin, Sun Ra, Frank Zappa","Synthetic, ULM 24B"
classical music,"Johann Sebastian Bach, Wolfgang Amadeus Mozart, Ludwig Van Beethoven, Giuseppe Verdi, Claude Debussy","Synthetic, ULM 24B"
acoustic rock,"Kings of Leon, Jack Johnson, Muse, Counting Crows, The Strokes","Synthetic, ULM 24B"
music to write to,"Brian Eno, Jon Hopkins, Steve Roach, Aphex Twin, Nils Frahm","Synthetic, ULM 24B"
classic rap,"N.W.A, Public Enemy, Run DMC, Eric B. & Rakim, Gang Starr","Synthetic, ULM 24B"
songs that make me cry,"Joanna Newsom, Leonard Cohen, Sufjan Stevens, Elliott Smith, The Smiths","Synthetic, ULM 24B"
indie rock,"The Mars Volta, Modest Mouse, Radiohead, M.I.A., Gorillaz","Synthetic, ULM 24B"
instrumental songs with strong rhythm,"Nirvana, The Smashing Pumpkins, Weezer, Muse, The Black Keys","Synthetic, ULM 24B"
classical music that isn't boring,"Astor Piazzolla, Gustav Holst, Samuel Barber, Dmitri Shostakovitch, Aaron Copland","Synthetic, ULM 24B"
modern classical music that is epic,"Howard Shore, Christopher Nolan, Vangelis, Hans Zimmer, Trevor Jones","Synthetic, ULM 24B"
jazz that isn't too challenging​,"Billie Holliday, Oscar Peterson, Miles Davis, Charles Mingus, Nina Simone","Synthetic, ULM 24B"
ambient music,"Klaus Schulze, Tangerine Dream, Brian Eno, Aphex Twin, Jean-Michel Jarre","Synthetic, ULM 24B"
classical music that's fun to listen to,"Johann Sebastian Bach, W​olfgang Amadeus Mozart, Ludwig van Beethoven, Sergei Rachmaninov, Franz Schubert","Synthetic, ULM 24B"
music that sounds like a dark movie,"Pink Floyd, Radiohead, The Smashing Pumpkins, Portishead, Massive Attack","Synthetic, ULM 24B"
metal with a female vocalist,"The Runaways, The Donnas, L7, Jinjer, Arch Enemy","Synthetic, ULM 24B"
chamber music,"Claude Debussy, Benjamin Britten, Dmitri Shostakovich, Aaron Copland, Maurice Ravel","Synthetic, ULM 24B"
piano solo,"Thelonious Monk, Bill Evans, Keith Jarrett, Chick Corea, Frederic Chopin","Synthetic, ULM 24B"
female singer-songwrit​ers with full bands,"Sarah McLachlan, Norah Jones, Cat Power, Lisa Hannigan, Lisa Hannigan","Synthetic, ULM 24B"
acoustic music with percussion,"Emancipator, The Radio Dept., Boards of Canada, Explosions in the Sky, Múm","Synthetic, ULM 24B"
psychedelic music that isn't electronic,"The Beatles, Pink Floyd, Jimi Hendrix, Jimi Hendrix, The Doors","Synthetic, ULM 24B"
indie rock,"Arcade Fire, The Strokes, Sonic Youth, Interpol, Belle and Sebastian","Synthetic, ULM 24B"
experimental rock,"The Beatles, The Flaming Lips, Sonic Youth, David Bowie","Synthetic, ULM 24B"
modern piano music,"John Williams, Yann Tiersen, Philip Glass, Ryuichi Sakamoto, Arvo Part","Synthetic, ULM 24B"
new music from the 50s,"The Beach Boys, The Beatles, Carole King, The Rolling Stones, Simon & Garfunkel","Synthetic, ULM 24B"
singers who sing in Spanish,"Mercedes Sosa, Silvio Rodríguez, Los Lobos, Lila Downs, Shakira","Synthetic, ULM 24B"
singing cowboys,"Gene Autry, Roy Rogers, John Wayne, Willie Nelson, Dean Martin","Synthetic, ULM 24B"
opera singers,"Maria Callas, Luciano Pavarotti, Andrea Bocelli, Placido Domingo","Synthetic, ULM 24B"
electronic dance music,"David Guetta, Eric Prydz, Tiesto, Deadmau5, Steve Aoki, Bob Sinclar","Synthetic, ULM 24B"
the soundtrack to my childhood,"The Beatles, Carole King, Ray Charles, Louis Armstrong, Chuck Berry","Synthetic, ULM 24B"
punk bands,"The Clash, The Sex Pistols, The Ramones, Blondie","Synthetic, ULM 24B"
rock for the baby,"The Beatles, The Beach Boys, The B-52's, They Might Be Giants, Barenaked Ladies","Synthetic, ULM 24B"
punk rock,"Green Day, Dropkick Murphys, The Clash, Foo Fighters, Sex Pistols","Synthetic, ULM 24B"
rock with trumpets,"Chicago, Blood Sweat & Tears, Tower of Power, Queen, Muse","Synthetic, ULM 24B"
guitar-based rock music,"The White Stripes, The Beatles, Led Zeppelin, The Who, Pink Floyd","Synthetic, ULM 24B"
big band,"Glenn Miller, Duke Ellington, Count Basie, Benny Goodman, Artie Shaw","Synthetic, ULM 24B"
rock without guitar solos,"Marvin Gaye, The Supremes, The Four Tops, Diana Ross & the Supremes, The 5th Dimension","Synthetic, ULM 24B"
modern pop that isn't bland,"Radiohead, Arcade Fire, The Killers, MGMT","Synthetic, ULM 24B"
music to relax to,"Michael Hedges, Enya, Brian Eno, Sigur Rós, Enigma","Synthetic, ULM 24B"
music you might hear in a French café,"Édith Piaf, Serge Gainsbourg, Dalida, Juliette Gréco, Charles Aznavour","Synthetic, ULM 24B"
classical for people who don't like classical,"George Frideric Handel, Johann Sebastian Bach, Wolfgang Amadeus Mozart, Ludwig van Beethoven, Franz Joseph Haydn","Synthetic, ULM 24B"
indie rock,"Neutral Milk Hotel, The Mountain Goats, Joanna Newsom, Elliott Smith, Swans","Synthetic, ULM 24B"
singers who aren't icky,"Bob Dylan, Nina Simone, Tom Waits, Ella Fitzgerald, Billie Holiday","Synthetic, ULM 24B"
punk rock,"The Clash, The Sex Pistols, Crass","Synthetic, ULM 24B"
indie folk,"Neutral Milk Hotel, Joanna Newsom, Sufjan Stevens, Arcade Fire, Devendra Banhart","Synthetic, ULM 24B"
classic dance music,"Chick Corea, Herbie Hancock, Yellow Magic Orchestra, Stevie Wonder, Jean-Michel Jarre","Synthetic, ULM 24B"
opera in film,"Puccini, Verdi, Bizet, Mozart, Wagner","Synthetic, ULM 24B"
classical music without singing,"Gustav Mahler, Dmitri Shostakovich, Pyotr Ilyich Tchaikovsky, Sergei Rachmaninoff, Gustav Mahler","Synthetic, ULM 24B"
classical​ music,"Jóhann Jóhannsson, Arvo Pärt, Philip Glass, Steve Reich, Yann Tiersen","Synthetic, ULM 24B"
ambient music that doesn't make you sleepy,"Kronos Quartet, Aphex Twin, Four Tet, Boards of Canada, Flying Lotus","Synthetic, ULM 24B"
opera singers with big voices,"Leontyne Price, Maria Callas, Montserrat Caballé, Luciano Pavarotti, Plácido Domingo","Synthetic, ULM 24B"
opera,"Placido Domingo, Luciano Pavarotti, Cecilia Bartoli, Luciano Pavarotti, Maria Callas","Synthetic, ULM 24B"
classic rock that is actually good,"The Beatles, Pink Floyd, Rush, Led Zeppelin, The Rolling Stones, The Doors, The Kinks, The Who, The Beach Boys, Eric Clapton, Bob Dylan, Genesis, The Jimi Hendrix Experience, The Doors","Synthetic, ULM 24B"
ambient music for studying or sleeping to,"Brian Eno, Tycho, Nils Frahm, Aphex Twin (less the harsh stuff), Sigur Rós","Synthetic, ULM 24B"
techno music that doesn't sound like trance,"Laurent Garnier, Richie Hawtin, Jeff Mills, Ben Klock, Chris Liebing","Synthetic, ULM 24B"
folk / roots / country,"Robert Plant & Alison Krauss, Lucinda Williams, Gillian Welch, Fleet Foxes, The Band","Synthetic, ULM 24B"
chamber music,"George Frideric Handel, Johann Sebastian Bach, Wolfgang Amadeus Mozart, Ludwig van Beethoven, Franz Joseph Haydn","Synthetic, ULM 24B"
opera,"George Frideric Handel, Wolfgang Amadeus Mozart, Richard Wagner, Vincenzo Bellini, Gioachino Rossini","Synthetic, ULM 24B"
acoustic guitarists,"Jim Croce, The Kingston Trio, Simon and Garfunkel","Synthetic, ULM 24B"
symphony orchestra,"George Frideric Handel, Johann Sebastian Bach, Wolfgang Amadeus Mozart, Ludwig van Beethoven, Franz Joseph Haydn","Synthetic, ULM 24B"
orchestra,"Béla Bartók, Johannes Brahms, Pjotr Il'jitsch Tchaikovsky, Piotr Ilyich Tchaïkovsky, Anton Bruckner","Synthetic, ULM 24B"
romantic era music,"Franz Schubert, Edvard Grieg, Robert Schumann","Synthetic, ULM 24B"
classical piano music,"Franz Liszt, Frederic Chopin, Richard Wagner, Sergei Rachmaninoff, Johannes Brahms","Synthetic, ULM 24B"
instrumental hip-hop,"Flying Lotus, Bonobo, Nujabes, Quantic, DJ Shadow","Synthetic, ULM 24B"
classical piano music,"Maurice Ravel, Pyotr Ilyich Tchaikovsky, Frederic Chopin, Johann Sebastian Bach, Ludvig Von Beethoven","Synthetic, ULM 24B"
instrumental music,"The Beatles, Led Zeppelin, Cream, King Crimson, Fleetwood Mac","Synthetic, ULM 24B"
instrumental chamber orchestra,"Claude Debussy, Wolfgang Amadeus Mozart, Antonin Dvorak, Ludwig van Beethoven","Synthetic, ULM 24B"
classic instrumental rock,"Jethro Tull, The Electric Light Orchestra, Frank Zappa, Frank Zappa, Frank Zappa","Synthetic, ULM 24B"
classical opera,"Richard Wagner, Giuseppe Verdi, Jacques Offenbach, Gaetano Donizetti, Giacomo Puccini","Synthetic, ULM 24B"
classic rock,"The Beatles, Led Zeppelin, The Rolling Stones, Pink Floyd, Queen","Synthetic, ULM 24B"
folk artists,"Neutral Milk Hotel, Fleet Foxes, Simon & Garfunkel, Bob Dylan, Fleet Foxes","Synthetic, ULM 24B"
music that makes you sad,"Evanescence, AFI, Linkin Park, Paramore, Radiohead","Synthetic, ULM 24B"
heavy metal,"Black Sabbath, Metallica, Megadeth, Lamb of God, Judas Priest","Synthetic, ULM 24B"
funk and ska,"Parliament, Prince, Fela Kuti, Yellow Magic Orchestra, The Clash","Synthetic, ULM 24B"
electronica,"Portishead, Goldfrapp, Massive Attack, Boards of Canada, Röyksopp","Synthetic, ULM 24B"
classic rock,"The Beatles, The Beach Boys, Pink Floyd, Stevie Wonder, The Doors","Synthetic, ULM 24B"
metal,"Metallica, Anthrax, Pantera, Slayer, Death","Synthetic, ULM 24B"
jazz for a party,"Miles Davis, Fats Waller, Herbie Hancock, Louis Armstrong, Nina Simone","Synthetic, ULM 24B"
weird​ and wild,"Mystery Jets, Beirut, The Antlers, The Strokes, Sufjan Stevens","Synthetic, ULM 24B"
metal that isn't harsh,"Deftones, Opeth, Porcupine Tree, Tool, Faith No More","Synthetic, ULM 24B"
electronic and jazz music,"Herbie Hancock, Flying Lotus, Gold Panda, Caribou, Four Tet","Synthetic, ULM 24B"
alternative hip hop,"De La Soul, Public Enemy, Beastie Boys, A Tribe Called Quest, Run-D.M.C.","Synthetic, ULM 24B"
rock n roll,"The Beatles, Chuck Berry, Bill Haley and His Comets, Buddy Holly, Elvis Presley","Synthetic, ULM 24B"
techno,"Aphex Twin, µ-Ziq, Flying Lotus, Caribou, Autechre","Synthetic, ULM 24B"
classical music of the roaring twenties,"George Gershwin, Hoagy Carmichael, Cole Porter, John Lessard, George & Ira Gershwin","Synthetic, ULM 24B"
folk music,"Woody Guthrie, Pete Seeger, Johnny Cash, Bob Dylan, Joan Baez","Synthetic, ULM 24B"
pop music,"Adele, Lady Gaga, Rihanna, Jay-Z, Eminem","Synthetic, ULM 24B"
alternative modern rock,"Pixies, Arcade Fire, Joy Division, The White Stripes, The Talking Heads","Synthetic, ULM 24B"
heavy rap music,"Public Enemy, Dr. Dre, OutKast, Gang Starr, N.W.A.","Synthetic, ULM 24B"
electronic music with female vocals,"Ladytron, Feist, Austra, Grimes, Ellie Goulding","Synthetic, ULM 24B"
music to relax to,"John Fahey, Ry Cooder, Nick Drake, Brian Eno, The Magnetic Fields","Synthetic, ULM 24B"
jazz-rock,"Steely Dan, Toto, Tower of Power, Snarky Puppy, Chick Corea","Synthetic, ULM 24B"
electronica / dubstep,"Flying Lotus, Daft Punk, Chromeo, Crystal Castles, The Prodigy","Synthetic, ULM 24B"
good music for the gym,"The Prodigy, 2 Chainz, Eminem, Rage Against the Machine, Pitbull","Synthetic, ULM 24B"
jazz for dancing,"Sade, The Brand New Heavies, Tower of Power, Herbie Hancock, PFM","Synthetic, ULM 24B"
punk rock for people who don't like punk rock,"The Hold Steady, The Gaslight Anthem, Hot Water Music, The Pogues, Bruce Springsteen","Synthetic, ULM 24B"
orchestral film music,"Philip Glass, Danny Elfman, Hans Zimmer, John Williams","Synthetic, ULM 24B"
good indie rock,"The Kinks, Big Star, XTC, Pavement, The Replacements","Synthetic, ULM 24B"
singers with really deep voices,"Barry White, Tom Waits, James Brown, Barry White, Tom Waits","Synthetic, ULM 24B"
music with a weird vibe,"Neutral Milk Hotel, The Beatles, Sufjan Stevens, Frank Zappa, Tom Waits","Synthetic, ULM 24B"
singers with really low voices,"Bettye LaVette, Dolly Parton, Bill Withers, Johnny Cash, Roy Orbison","Synthetic, ULM 24B"
music for a romantic dinner,"The Cinematic Orchestra, Ludovico Einaudi, Nils Frahm, Philip Wesley, Nils Frahm","Synthetic, ULM 24B"
songs that are sad but happy at the same time,"Neutral Milk Hotel, Beirut, Sufjan Stevens, Sigur Rós","Synthetic, ULM 24B"
jazz that isn't boring,"Flying Lotus, Miles Davis, John Coltrane, Thelonious Monk, Herbie Hancock","Synthetic, ULM 24B"
indie music,"Neutral Milk Hotel, Animal Collective, Death Cab for Cutie, Spoon, The Mountain Goats","Synthetic, ULM 24B"
folk that isn't country,"Fleet Foxes, Bright Eyes, Neko Case, Bon Iver","Synthetic, ULM 24B"
music for an engagement party,"The Beatles, The Beach Boys, Frank Sinatra, Louis Armstrong, Ella Fitzgerald","Synthetic, ULM 24B"
guitar solos,"Pink Floyd, Eric Clapton, Steve Vai, Jeff Beck, Jimmy Page","Synthetic, ULM 24B"
metal bands with clean vocals,"Korn, Linkin Park, Slipknot, Disturbed, Avenged Sevenfold","Synthetic, ULM 24B"
hip hop with a funky rhythm,"A Tribe Called Quest, Gang Starr, Deltron 3030, Public Enemy, Outkast","Synthetic, ULM 24B"
music that is upbeat and happy,"The Beach Boys, Ray Charles, Steely Dan, The Beatles, Hall and Oates","Synthetic, ULM 24B"
guitar hero music,"The Rolling Stones, Lynyrd Skynyrd, Johnny Cash, Bruce Springsteen, Led Zeppelin","Synthetic, ULM 24B"
music for the morning,"Elbow, The Tallest Man on Earth, Paul Simon, Mumford & Sons","Synthetic, ULM 24B"
singers with really low voices,"Barry White, Leonard Cohen, Tom Waits, Johnny Cash, Bobby McFerrin","Synthetic, ULM 24B"
songs for the road,"Arlo Guthrie, James Taylor, John Denver, Joni Mitchell","Synthetic, ULM 24B"
music that sounds like nature,"Enya, Yanni, Era, Deep Forest, Enigma","Synthetic, ULM 24B"
singers with really low voices,"Barry White, Bobby McFerrin, Leonard Cohen, Tom Jones","Synthetic, ULM 24B"
music for road trips,"Tom Petty, Bruce Springsteen, Dire Straits, The Rolling Stones","Synthetic, ULM 24B"
singers with really low voices,"Harry Nilsson, Barry White, Elvis Presley, Lou Reed, Tom Waits","Synthetic, ULM 24B"
songs about love,"The Beatles, Simon & Garfunkel, Otis Redding, Marvin Gaye","Synthetic, ULM 24B"
danceable indie music,"The Magnetic Fields, The Shins, Modest Mouse, Grizzly Bear, Neutral Milk Hotel","Synthetic, ULM 24B"
music for studying,"Brian Eno, Steve Reich, Philip Glass, Hans Zimmer, Explosions in the Sky","Synthetic, ULM 24B"
pop music to calm down to,"Röyksopp, Boards of Canada, Sigur Rós, Explosions in the Sky, Yo La Tengo","Synthetic, ULM 24B"
indie rock,"The Strokes, Arcade Fire, The Killers, Mumford & Sons, Kings of Leon","Synthetic, ULM 24B"
guitar-oriented rock music,"Weezer, The Black Keys, Jack White, The Kinks, Tom Petty","Synthetic, ULM 24B"
jazz fusion,"Miles Davis, Herbie Hancock, Weather Report, Wayne Shorter, Ahmad Jamal","Synthetic, ULM 24B"
instrumental music with lots of bass,"Kendrick Lamar, Eminem, Run the Jewels, Kanye West, Public Enemy","Synthetic, ULM 24B"
old man blues,"Muddy Waters, Lightnin' Hopkins, Howlin' Wolf, Sonny Terry, Brownie McGhee","Synthetic, ULM 24B"
punk rock,"Green Day, the Sex Pistols, Nirvana, Bikini Kill, Patti Smith","Synthetic, ULM 24B"
good music to study to,"Iration, Explosions in the Sky, Nujabes, Shpongle, Aphex Twin","Synthetic, ULM 24B"
instrumental rock music,"Porcupine Tree, Mogwai, Explosions in the Sky, Sigur Ros, God Is An Astronaut","Synthetic, ULM 24B"
classical music that doesn't sound like classical music,"Johann Johannsson, Ludovico Einaudi, Hans Zimmer, Philip Glass, Max Richter","Synthetic, ULM 24B"
female rappers that can rap,"Missy Elliott, Remy Ma, Azealia Banks, Nicki Minaj, Queen Latifah","Synthetic, ULM 24B"
weird experimental music,"Sunn O))), Boards of Canada, Death Grips, Godspeed You Black Emperor, Björk","Synthetic, ULM 24B"
songs about drugs,"The Notorious B.I.G., Rick Ross, Snoop Dogg, Redman, Wiz Khalifa","Synthetic, ULM 24B"
pop electronica,"Depeche Mode, Deadmau5, Owl City, The Knife, Crystal Castles","Synthetic, ULM 24B"
electronic music to listen to while doing homework,"Bonobo, Bonobo, Four Tet, Four Tet, Four Tet","Synthetic, ULM 24B"
rock n roll,"The Beatles, The Rolling Stones, Led Zeppelin, The Doors, Pink Floyd","Synthetic, ULM 24B"
country music,"George Strait, Alan Jackson, Johnny Cash, George Jones, Willie Nelson","Synthetic, ULM 24B"
ambient music,"Brian Eno, Steve Roach, Harold Budd, The KLF, Aphex Twin","Synthetic, ULM 24B"
gothic metal,"Type O Negative, HIM, Cradle of Filth, The 69 Eyes, Nightwish","Synthetic, ULM 24B"
free jazz,"Albert Ayler, Pharoah Sanders, Peter Brotzmann, Cecil Taylor, Roscoe Mitchell","Synthetic, ULM 24B"
pop-inspired classical music,"Evanescence, Annie Lennox, Yoko Kanno, Sarah Brightman, The Knife","Synthetic, ULM 24B"
music that sounds like a horror movie soundtrack,"John Carpenter, The Haxan Cloak, Clint Mansell, Boards of Canada","Synthetic, ULM 24B"
spooky music,"Michael Giacchino, John Williams, Danny Elfman, Hans Zimmer, Bernard Herrmann","Synthetic, ULM 24B"
country,"Taylor Swift, Dolly Parton, Miranda Lambert, George Strait, John Denver","Synthetic, ULM 24B"
music with a retro feel,"Vance Joy, Tame Impala, The Shins, Phoenix, Vampire Weekend","Synthetic, ULM 24B"
rock n' roll,"Chuck Berry, Elvis Presley, Led Zeppelin, The Rolling Stones, Kiss","Synthetic, ULM 24B"
modern bluegrass/folk,"Mumford & Sons, The Avett Brothers, Punch Brothers, Old Crow Medicine Show","Synthetic, ULM 24B"
good movie music,"Howard Shore, Hans Zimmer, John Williams, Ennio Morricone, Danny Elfman","Synthetic, ULM 24B"
classical music but not boring,"Johann Sebastian Bach, Ludwig van Beethoven, Wolfgang Amadeus Mozart, Franz Joseph Haydn, Richard Wagner","Synthetic, ULM 24B"
heavy metal (melodic),"Megadeth, Death, Dream Theater, Protest the Hero","Synthetic, ULM 24B"
alternative rock bands,"Neutral Milk Hotel, Radiohead, Of Montreal, Bright Eyes, Modest Mouse","Synthetic, ULM 24B"
the music of dreams,"Slowdive, Cocteau Twins, My Bloody Valentine, Brian Eno, Sigur Rós","Synthetic, ULM 24B"
music for the club,"Avicii, Tiësto, Daft Punk, David Guetta, Deadmau5","Synthetic, ULM 24B"
female vocalists,"Björk, Joanna Newsom, Fiona Apple, Patti Smith, Bjork","Synthetic, ULM 24B"
music that you sing along to,"Queen, Kanye West, Beyoncé, Taylor Swift, Ed Sheeran","Synthetic, ULM 24B"
punk music for old people,"The Clash, X, Black Flag, Dead Kennedys, Bad Brains","Synthetic, ULM 24B"
music in English and Spanish,"Cypress Hill, Selena, Santana, Shakira, Julieta Venegas","Synthetic, ULM 24B"
jazz piano,"Bill Evans, Herbie Hancock, Oscar Peterson, Keith Jarrett, George Shearing","Synthetic, ULM 24B"
folk music,"Bob Dylan, The Byrds, Joni Mitchell, The Band, Neil Young","Synthetic, ULM 24B"
ambient electronic,"Aphex Twin, Boards of Canada, Brian Eno, Flying Lotus, Four Tet","Synthetic, ULM 24B"
jazz standards,"Louis Armstrong, Ella Fitzgerald, Billie Holiday, Nat King Cole, Sarah Vaughan","Synthetic, ULM 24B"
ambient music,"Brian Eno, Harold Budd, Steve Roach, Stars of the Lid, William Basinski","Synthetic, ULM 24B"
electronica,"Chemical Brothers, Aphex Twin, Jean Michel Jarre, Daft Punk, Underworld","Synthetic, ULM 24B"
opera singers,"Maria Callas, Luciano Pavarotti, Enrico Caruso","Synthetic, ULM 24B"
orchestra instruments,"Antonio Vivaldi, Johann Sebastian Bach, Georges Bizet, Edvard Grieg, Ludwig van Beethoven","Synthetic, ULM 24B"
jazz music without instruments,"Ryuichi Sakamoto, Brian Eno, David Byrne, Max Richter, Ryuichi Sakamoto","Synthetic, ULM 24B"
new wave music,"Joy Division, New Order, Talking Heads, The Smiths, Depeche Mode","Synthetic, ULM 24B"
easy listening funk,"Charles Mingus, Miles Davis, Herbie Hancock, Stevie Wonder, Quincy Jones","Synthetic, ULM 24B"
hip hop without swear words,"Dead Prez, Jurassic 5, Blackalicious, Digable Planets, A Tribe Called Quest","Synthetic, ULM 24B"
dance music with saxophone​s,"Fatboy Slim, Jamie Lidell, Caribou, Basement Jaxx, Herbie Hancock","Synthetic, ULM 24B"
electronic​ music without​ words,"Aphex Twin, Four Tet, Jon Hopkins, Flying Lotus, Bonobo","Synthetic, ULM 24B"
music that sounds like it's from another century,"Sufjan Stevens, Beirut, Antony & the Johnsons, Bon Iver, Arcade Fire","Synthetic, ULM 24B"
electronic music with a good beat,"Despacio, Burial, Massive Attack, Hot Chip, M83","Synthetic, ULM 24B"
indie rock that isn't pretentious,"Built to Spill, The Strokes, Modest Mouse, Interpol, The Mars Volta","Synthetic, ULM 24B"
music that isn't derivative,"LCD Soundsystem, James Murphy, Daft Punk, Justice","Synthetic, ULM 24B"
acoustic​ rock,"Fleet Foxes, Mumford & Sons, The Head and the Heart, The Lumineers, The National","Synthetic, ULM 24B"
post-rock,"Godspeed You! Black Emperor, Sigur Rós, Mogwai, Explosions in the Sky, Mono","Synthetic, ULM 24B"
oldies not by the Beatles,"Otis Redding, The Rolling Stones, Van Morrison, The Beach Boys, The Byrds","Synthetic, ULM 24B"
electronic rock bands,"Justice, Daft Punk, Chromeo, Simian Mobile Disco, MGMT","Synthetic, ULM 24B"
electronic music that isn't cheesy,"Aphex Twin, Björk, Goldfrapp, The Knife, Autechre","Synthetic, ULM 24B"
new wave,"New Order, The Smiths, Talking Heads, The Pixies, Blondie","Synthetic, ULM 24B"
old timey instruments,"The Crooked Jades, Carolina Chocolate Drops, Mumford & Sons, The Unwomanly Face of War, The Pogues","Synthetic, ULM 24B"
steampunk music,"The Crüxshadows, The Dresden Dolls, Abney Park, Emilie Autumn, Voltaire","Synthetic, ULM 24B"
classical music,"Johann Sebastian Bach, Ludwig van Beethoven, Wolfgang Amadeus Mozart, George Frideric Handel, Franz Joseph Haydn","Synthetic, ULM 24B"
classical piano,"Fryderyk Chopin, Franz Liszt, Franz Schubert, Sergei Rachmaninoff","Synthetic, ULM 24B"
music to study to,"Emancipator, Explosions in the Sky, Ratatat, Bonobo, Massive Attack","Synthetic, ULM 24B"
chillwave,"Washed Out, Neon Indian, Toro Y Moi","Synthetic, ULM 24B"
metal,"Metallica, Slipknot, Iron Maiden, Judas Priest, Slayer","Synthetic, ULM 24B"
classical rock,"The Beatles, Elton John, Pink Floyd, Queen, David Bowie","Synthetic, ULM 24B"
instrumental music,"Kronos Quartet, Rodrigo y Gabriela, Yo-Yo Ma, Explosions in the Sky, Mogwai","Synthetic, ULM 24B"
indie rock,"The Postal Service, Built to Spill, The Shins, Wilco, Spoon","Synthetic, ULM 24B"
hip hop music,"Public Enemy, Notorious B.I.G., OutKast, Nas, Eminem","Synthetic, ULM 24B"
good music from the late 70s,"Joy Division (UK), The Ramones (USA), Sex Pistols (UK), Talking Heads (USA), Joy Division (UK), The Ramones (USA)","Synthetic, ULM 24B"
classical music,"Chopin, Bach, Beethoven, Paganini, Bach","Synthetic, ULM 24B"
experimental music with a band,"Animal Collective, The Books, Grizzly Bear, Dan Deacon, Liars","Synthetic, ULM 24B"
pop music without a message,"Kimbra, Chvrches, Grimes, M83, Passion Pit","Synthetic, ULM 24B"
pop music for adults,"Regina Spektor, Rufus Wainwright, Feist, Beck, The Postal Service","Synthetic, ULM 24B"
music for a rainy day,"The xx, Lana Del Rey, Bon Iver, Iron & Wine, Elliott Smith","Synthetic, ULM 24B"
electro-synth-pop,"Depeche Mode, The Cure, The Smiths, New Order, Pet Shop Boys","Synthetic, ULM 24B"
instrumental music,"Bon Iver, Godspeed You! Black Emperor, Sigur Rós, Agalloch, Explosions in the Sky","Synthetic, ULM 24B"
classical music for a funeral,"Ludwig van Beethoven, Frédéric Chopin, George Frideric Handel, Wolfgang Amadeus Mozart, Johann Sebastian Bach","Synthetic, ULM 24B"
music that sounds like this,"The Beatles, Frank Sinatra, Stevie Wonder, The Beach Boys, The Doors","Synthetic, ULM 24B"
acoustic music,"James Blake, The Tallest Man on Earth, The National, Bon Iver, Sufjan Stevens","Synthetic, ULM 24B"
atonal music,"Iannis Xenakis, Helmut Lachenmann, Karlheinz Stockhausen, György Ligeti, Morton Feldman","Synthetic, ULM 24B"
a jazz artist to start​ with,"Miles Davis, Ahmad Jamal, Art Blakey, The Modern Jazz Quartet, John Coltrane","Synthetic, ULM 24B"
metal guitar riffs,"Metallica, Megadeth, Slayer, Motörhead, Anthrax","Synthetic, ULM 24B"
classical crossover,"Vanessa-Mae, Hilary Hahn, Lindsey Stirling","Synthetic, ULM 24B"
orchestral,"Handel, Bach, Mozart, Beethoven, Tchaikovsky","Synthetic, ULM 24B"
i want to get high,"The Beatles, The Doors, Bob Dylan, Pink Floyd, The Grateful Dead","Synthetic, ULM 24B"
instrumental trance,"ATB, Armin van Buuren, Above & Beyond, Ferry Corsten, Dash Berlin","Synthetic, ULM 24B"
music for studying,"Enya, Nujabes, Enigma, The Postal Service, Brian Eno","Synthetic, ULM 24B"
female fronted classic rock,"The Bangles, Heart, Pat Benatar, Bonnie Tyler, Joan Jett & The Blackhearts","Synthetic, ULM 24B"
oldies rock,"The Kinks, The Rolling Stones, The Beach Boys, The Who, The Yardbirds","Synthetic, ULM 24B"
opera that rocks,"Rhapsody in Rock, Led Zeppelin, Alice Cooper, Pink Floyd, AC/DC","Synthetic, ULM 24B"
singers with really low voices,"Leonard Cohen, Johnny Cash, Nina Simone, Billie Holiday, Nick Cave","Synthetic, ULM 24B"
indie folk,"Iron and Wine, The Fleet Foxes, Sufjan Stevens, Joanna Newsom","Synthetic, ULM 24B"
guitars and synthesizers,"Kraftwerk, The Buggles, Yello, Devo, Giorgio Moroder","Synthetic, ULM 24B"
indie rock with keyboards,"Hot Chip, Vampire Weekend, Arcade Fire, Phoenix, LCD Soundsystem","Synthetic, ULM 24B"
jazz vocals,"Julie London, Ella Fitzgerald, Billie Holiday, Nina Simone, Al Jarreau, Frank Sinatra","Synthetic, ULM 24B"
opera singers,"Luciano Pavarotti, Joan Sutherland, Maria Callas, Birgit Nilsson, Enrico Caruso","Synthetic, ULM 24B"
easy listening,"John Williams, Henry Mancini, Mantovani, Yanni, Enya","Synthetic, ULM 24B"
jazz vocalists,"Ella Fitzgerald, Billie Holiday, Nina Simone, Peggy Lee, Nancy Wilson","Synthetic, ULM 24B"
classical music that isn't overly epic,"Johann Sebastian Bach, Johann Strauss II, Wolfgang Amadeus Mozart, Franz Peter Schubert, Gabriel Fauré","Synthetic, ULM 24B"
music with a lot of layers,"Bon Iver, Radiohead, Sigur Rós, Sufjan Stevens, Animal Collective","Synthetic, ULM 24B"
indie music,"The Arcade Fire, Death Cab for Cutie, Franz Ferdinand, The Magnetic Fields, The Shins","Synthetic, ULM 24B"
instrumental rock,"Godspeed You! Black Emperor, Mogwai, Explosions In The Sky, Do Make Say Think, Godspeed You Black Emperor","Synthetic, ULM 24B"
hip hop for people who don't like hip hop,"Deltron 3030, MF Doom","Synthetic, ULM 24B"
classic rap,"LL Cool J, Big Daddy Kane, Rakim, Ice Cube, Dr. Dre","Synthetic, ULM 24B"
pop that's not bubblegum,"La Roux, Chromeo, LCD Soundsystem, Two Door Cinema Club, Vampire Weekend","Synthetic, ULM 24B"
chilled out house music,"James Blake, Burial, Four Tet, Flying Lotus, Tycho","Synthetic, ULM 24B"
music that makes you want to run,"Kanye West, Rage Against the Machine, Run the Jewels, Eminem, Dr. Dre","Synthetic, ULM 24B"
darkwave,"Type O Negative, AFI, Depeche Mode, The Cure, Nine Inch Nails","Synthetic, ULM 24B"
classical music that sounds like a horror movie,"Franz Liszt, Sergei Rachmaninoff, Claude Debussy, Hector Berlioz, Pjotr Tschaikowsky","Synthetic, ULM 24B"
ambient music,"Brian Eno, Stars of the Lid, William Basinski, Aphex Twin, Steve Roach","Synthetic, ULM 24B"
classical music that isn't intimidating,"Jóhann Jóhannsson, Nils Frahm, Philip Glass, Yann Tiersen, Nils Wülker","Synthetic, ULM 24B"
spooky music,"Miles Davis, King Crimson, Pink Floyd, Led Zeppelin","Synthetic, ULM 24B"
"good, modern music","The Knife, The XX, Burial, Moderat, SBTRKT","Synthetic, ULM 24B"
the best folk music,"Joan Baez, Bob Dylan, Woody Guthrie, Bob Marley, The Avett Brothers","Synthetic, ULM 24B"
indie rock,"Modest Mouse, The Decemberists, Band of Horses, Wilco, The Strokes","Synthetic, ULM 24B"
female-fronted rock music,"Veruca Salt, Hole, L7, The Donnas, The Breeders","Synthetic, ULM 24B"
dark and brooding music,"Pink Floyd, Radiohead, Joy Division, Joy Division, Joy Division","Synthetic, ULM 24B"
songs that tell a story,"The Mountain Goats, Johnny Hobo and the Freight Trains, The Oh Hellos, The Builders & The Butchers, The Mountain Goats","Synthetic, ULM 24B"
singer songwryers,"Ben Folds Five, David Gray, Tori Amos, Regina Spektor, The Tallest Man on Earth","Synthetic, ULM 24B"
music that makes you happy​,"Odesza, The Beatles, The Beach Boys, Coldplay, The Lumineers","Synthetic, ULM 24B"
piano-heavy bands,"Mumford & Sons, Fleet Foxes, Sigur Ros, Keane, Snow Patrol","Synthetic, ULM 24B"
music that calms you down,"Bon Iver, The National, The Smiths, Radiohead, Beck","Synthetic, ULM 24B"
classic rock,"Led Zeppelin, Pink Floyd, The Who, The Beatles, Jimi Hendrix","Synthetic, ULM 24B"
rock songs with banjo,"Old Crow Medicine Show, The Devil Makes Three, Shovels & Rope, Mumford & Sons, The Carolina Chocolate Drops","Synthetic, ULM 24B"
rockabilly,"Johnny Cash, Carl Perkins, The Stray Cats, Elvis Presley, Roy Orbison","Synthetic, ULM 24B"
smooth jazz,"George Benson, David Sanborn, Grover Washington, Jr, Kenny G, Bobby Caldwell","Synthetic, ULM 24B"
blues that is not too harsh,"Elmore James, John Lee Hooker, Little Walter, Lightnin' Hopkins, Taj Mahal","Synthetic, ULM 24B"
classic rock that isn't overplayed,"Led Zeppelin, The Who, Fleetwood Mac, The Doors, Lynyrd Skynyrd","Synthetic, ULM 24B"
rock from the heart with big guitars,"Aerosmith, Boston, Queen, Styx, AC/DC","Synthetic, ULM 24B"
the stuff they play over intercoms to make you feel happy,"Enya, Enya, Enya, Enya, Enya, Enya, Enya","Synthetic, ULM 24B"
punk/indie rock,"Radiohead, The Pixies, Nirvana, The Smiths, Arctic Monkeys","Synthetic, ULM 24B"
hard dance,"Hardknox, Infected Mushroom, Scooter, Basshunter, Angerfist","Synthetic, ULM 24B"
smooth jazz music,"David Sanborn, Grover, Hancock, Dave Grusin, George Winston","Synthetic, ULM 24B"
rock for kids,"Foo Fighters, Maroon 5, Coldplay, Green Day, Foster the People","Synthetic, ULM 24B"
smooth radio,"Norah Jones, Al Green, Maxwell, Adele, Amy Winehouse","Synthetic, ULM 24B"
guitar legends,"Hendrix, Stevie Ray Vaughan, Jeff Beck, John Mayer, Jimmy Page","Synthetic, ULM 24B"
country music,"Waylon Jennings, Johnny Cash, Toby Keith, Willie Nelson, Brooks & Dunn","Synthetic, ULM 24B"
heavy metal,"Iron Maiden, Judas Priest, Saxon, Black Sabbath, Megadeth","Synthetic, ULM 24B"
electronic folk,"Aphex Twin, Four Tet, Boards of Canada, Animal Collective, Sigur Ros","Synthetic, ULM 24B"
female vocalists,"Janis Joplin, Adele, Alanis Morissette, Christina Aguilera","Synthetic, ULM 24B"
music that sounds like a video game soundtrack,"David Wise, Koji Kondo, Yasunori Mitsuda, Toby Fox, Super Bros. 9, 8 Bit Operators","Synthetic, ULM 24B"
electronic music that's not techno,"Four Tet, Aphex Twin, Squarepusher, Jon Hopkins","Synthetic, ULM 24B"
music for sex,"The xx, The XX, D'Angelo, D'angelo, Sade","Synthetic, ULM 24B"
acoustic music,"The Microphones, Bon Iver, Fleet Foxes, Sigur Rós, Iron & Wine","Synthetic, ULM 24B"
indie rock bands,"Neutral Milk Hotel, The Microphones, The Mountain Goats, Bright Eyes, Sufjan Stevens","Synthetic, ULM 24B"
indie 'folk' music,"Fleet Foxes, The Mountain Goats, Bon Iver, Okkervil River, Sufjan Stevens","Synthetic, ULM 24B"
acoustic folk rock,"Fleet Foxes, Bon Iver, Band of Horses, My Morning Jacket, Neutral Milk Hotel","Synthetic, ULM 24B"
the perfect morning playlist,"James Bay, James Blake, James Vincent McMorrow, Jamie xx, Jon Brion","Synthetic, ULM 24B"
classical/piano,"George Frideric Handel, Frederic Chopin, Wolfgang Amadeus Mozart, Johann Sebastian Bach, Frédéric François Chopin","Synthetic, ULM 24B"
dark ambient,"Aphex Twin, Burial, Grouper, Lustmord, Tim Hecker","Synthetic, ULM 24B"
jazzy pop,"Frank Sinatra, Louis Prima, Ella Fitzgerald, Billie Holiday, Nat King Cole","Synthetic, ULM 24B"
music in a minor key,"Metallica, Megadeth, Avenged Sevenfold, Apocalyptica, Blind Guardian","Synthetic, ULM 24B"
classical guitar,"Isaac Albéniz, Francisco Tárrega, Andrés Segovia, Antonio Lauro, Heitor Villa-Lobos","Synthetic, ULM 24B"
musicology,"György Ligeti, Steve Reich, Karlheinz Stockhausen, Krzysztof Penderecki, Terry Riley","Synthetic, ULM 24B"
classical guitar music,"Antonio Vivaldi, Andres Segovia, John Williams, Fernando Sor, Johann Sebastian Bach","Synthetic, ULM 24B"
music to work to,"Pink Floyd, Massive Attack, The Cinematic Orchestra, Thievery Corporation, The Album Leaf","Synthetic, ULM 24B"
jazz in the 1920s,"Duke Ellington, Louis Armstrong, Earl Hines, Django Reinhardt, Billie Holiday","Synthetic, ULM 24B"
classical music that sounds like a movie,"Ennio Morricone, Erich Korngold","Synthetic, ULM 24B"
acoustic songs,"Bon Iver, Damien Rice, Regina Spektor, Iron & Wine","Synthetic, ULM 24B"
free jazz,"Cecil Taylor, John Coltrane, Ornette Coleman","Synthetic, ULM 24B"
bluegrass for beginners,"Doc Watson, Ricky Skaggs, Earl Scruggs, Peter Rowan, Tony Rice","Synthetic, ULM 24B"
jazz piano,"Bill Evans, Thelonious Monk, Chick Corea, Oscar Peterson, Keith Jarrett","Synthetic, ULM 24B"
good music for working out,"Queen, Led Zeppelin, Black Sabbath, AC/DC, Judas Priest","Synthetic, ULM 24B"
good classical music,"Johann Sebastian Bach, Wolfgang Amadeus Mozart, Ludwig van Beethoven, Pyotr Ilyich Tchaikovsky, Antonio Vivaldi","Synthetic, ULM 24B"
rock & roll,"Mötley Crüe, Kiss, Ozzy Osbourne, Def Leppard, Bon Jovi","Synthetic, ULM 24B"
new age music for relaxation,"Enya, Enigma, Deep Forest, Yanni, Vangelis","Synthetic, ULM 24B"
classical organ music,"Bach, Dietrich Buxtehude, Johann Sebastian Bach, Georg Muffat, Dieterich Buxtehude","Synthetic, ULM 24B"
streaming classical music,"Johann Sebastian Bach, Ludwig van Beethoven, Wolfgang Amadeus Mozart, Claudio Monteverdi, Johann Pachelbel","Synthetic, ULM 24B"
jazz-funk,"Kool & The Gang, Earth, Wind & Fire, Average White Band, Sly & The Family Stone, Parliament-Funkadelic","Synthetic, ULM 24B"
streaming classical music,"Sergei Rachmaninoff, Johann Sebastian Bach, Ludwig van Beethoven, Johannes Brahms, Nikolai Rimsky-Korsakov","Synthetic, ULM 24B"
electro-swing music,"Caravan Palace, Tape Five, Parov Stelar","Synthetic, ULM 24B"
classical guitar,"Andrés Segovia, Christopher Parkening, Christopher O'Riley, Julian Bream, Pepe Romero","Synthetic, ULM 24B"
jazz vocal,"Nina Simone, Billie Holiday, Abbey Lincoln, Sarah Vaughan, Ella Fitzgerald","Synthetic, ULM 24B"
classic synth,"Jean-Michel Jarre, Vangelis, Kraftwerk, Tangerine Dream, Giorgio Moroder","Synthetic, ULM 24B"
post-rock,"Explosions in the Sky, God Is an Astronaut, Mogwai, Godspeed You! Black Emperor, This Will Destroy You","Synthetic, ULM 24B"
jazz vocalists,"Sarah Vaughan, Ella Fitzgerald, Billie Holiday, Nina Simone, Chet Baker","Synthetic, ULM 24B"
opera,"Claudio Monteverdi, Christoph Willibald Gluck, Gioachino Rossini, Giuseppe Verdi, Richard Wagner","Synthetic, ULM 24B"
classical music for children,"Wolfgang Amadeus Mozart, Ludwig van Beethoven, Franz Joseph Haydn, Johann Nepomuk Hummel, Niccolò Paganini","Synthetic, ULM 24B"
folk music,"Bob Dylan, Simon & Garfunkel, Johnny Cash, The Beatles, Queen","Synthetic, ULM 24B"
music to listen to while high,"Pink Floyd, Jimi Hendrix, The Grateful Dead, The Beatles, The Rolling Stones","Synthetic, ULM 24B"
music for an italian restaurant,"Ennio Morricone, The Three Tenors, Andrea Bocelli, Luciano Pavarotti","Synthetic, ULM 24B"
music to help sleep,"Brian Eno, Sigur Ros, Brian Inouye, Thomas Newman, Brian McLaren","Synthetic, ULM 24B"
alternative rock,"Blondie, Patti Smith, New Order, Pixies, The Cure","Synthetic, ULM 24B"
jazz-infused indie rock,"Portishead, The Bad Plus, The Cinematic Orchestra, Dirty Projectors, Nightmares on Wax","Synthetic, ULM 24B"
"folk music, not that stuff we listened to in our teens​","The Avett Brothers, Iron & Wine, Bon Iver, Fleet Foxes, Sufjan Stevens","Synthetic, ULM 24B"
jazz​,"Thelonious Monk, Art Blakey, John Coltrane, Weather Report, The Jazz Crusaders","Synthetic, ULM 24B"
piano- and keyboard-heavy ambient electronica,"Aphex Twin, Brian Eno, Tycho, Boards of Canada, Bonobo","Synthetic, ULM 24B"
female-fronted bands,"Sleigh Bells, The Breeders, Wolf Alice, The Knife, St. Vincent","Synthetic, ULM 24B"
weird and wonderful music,"Patti Smith, Animal Collective, Aphex Twin, Frank Zappa","Synthetic, ULM 24B"
dark folk music,"The Mountain Goats, The Shins, Sufjan Stevens, Okkervil River, Bon Iver","Synthetic, ULM 24B"
bands that sound a lot like each other,"The Strokes, Interpol, The White Stripes, The Hives","Synthetic, ULM 24B"
country singers,"Johnny Cash, Patsy Cline, Dolly Parton, Alan Jackson, Chris Stapleton","Synthetic, ULM 24B"
rock operas,"Queen, The Who, The Pretty Things, Pink Floyd, Genesis","Synthetic, ULM 24B"
folk music,"Simon & Garfunkel, Cat Stevens, John Denver, The Mamas & the Papas, Crosby Stills & Nash","Synthetic, ULM 24B"
1990s alternative music,"R.E.M., Depeche Mode, Nirvana, The Smashing Pumpkins, Pearl Jam","Synthetic, ULM 24B"
orchestral metal,"Epica, Nightwish, Van Halen, Rammstein, Kamelot","Synthetic, ULM 24B"
electronica,"Deadmau5, Wolfgang Gartner, Lady Gaga, Skrillex, Daft Punk","Synthetic, ULM 24B"
acoustic music with a strong female voice,"Norah Jones, Tori Amos, Cat Power, Feist","Synthetic, ULM 24B"
singers that sound like robots,"Kraftwerk, Portishead, Radiohead, Aphex Twin, Nine Inch Nails","Synthetic, ULM 24B"
music to listen to in the car,"Muse, Weezer, Franz Ferdinand, The Flaming Lips, My Chemical Romance","Synthetic, ULM 24B"
music for a bar mitzvah,"Benny Goodman, The Ink Spots, Dean Martin, Perry Como, The Andrews Sisters","Synthetic, ULM 24B"
music for a graduation ceremony,"Elton John, Billy Joel, John Denver, The Beatles, Bob Dylan","Synthetic, ULM 24B"
bands from the 2000s,"The Arctic Monkeys, The Strokes, Kings of Leon, Vampire Weekend, Mumford & Sons","Synthetic, ULM 24B"
indie rock bands,"Modest Mouse, The Shins, Arctic Monkeys, The Strokes, The Libertines","Synthetic, ULM 24B"
music to dance to,"Kraftwerk, The Cure, The B-52s, The Clash, The Specials","Synthetic, ULM 24B"
music to listen to when you want to be happy,"The Beach Boys, Stevie Wonder, The Monkees, The Zombies","Synthetic, ULM 24B"
piano music that moves you,"Chopin, Beethoven, Rachmaninoff, Brahms, Tchaikovsky","Synthetic, ULM 24B"
heavy metal,"Black Sabbath, Metallica, Iron Maiden, Judas Priest","Synthetic, ULM 24B"
orchestral music,"George Frideric Handel, Johann Sebastian Bach, Wolfgang Amadeus Mozart, Ludwig van Beethoven","Synthetic, ULM 24B"
indie rock,"Modest Mouse, The Strokes, Death Cab for Cutie, Vampire Weekend","Synthetic, ULM 24B"
a cappella music,"Psapp, Bobby McFerrin, Straight No Chaser, The King's Singers, The Voca People","Synthetic, ULM 24B"
music to fall asleep to,"Brian Eno, Brian Eno, Brian Eno, Brian Eno, Brian Eno","Synthetic, ULM 24B"
popular orchestra,"Beethoven, Tchaikovsky, Rimsky-Korsakov, Mendelssohn, Brahms","Synthetic, ULM 24B"
instrumental,"Krzysztof Penderecki, Johann Sebastian Bach, Frank Zappa, Pink Floyd, The Beatles","Synthetic, ULM 24B"
jazz music,"Gerry Mulligan, Billie Holiday, Chick Corea, Dave Brubeck, Stan Getz","Synthetic, ULM 24B"
pop without synths,"The Beatles, The Kinks, Elvis Presley, Bob Dylan, James Brown","Synthetic, ULM 24B"
jazz but not too jazzy,"Ella Fitzgerald, Duke Ellington, Nat King Cole, Oscar Peterson, Vince Guaraldi Trio","Synthetic, ULM 24B"
rock instrumentals,"Pink Floyd, Radiohead, Rush, Emerson, Lake, & Palmer, The Who","Synthetic, ULM 24B"
electronic music that sounds like nature sounds,"Amon Tobin, DJ Food, Ulrich Schnauss, Tycho, Trentemøller","Synthetic, ULM 24B"
music that's not too fast,"The Beatles, Radiohead, Portishead, Beck, U2","Synthetic, ULM 24B"
good music with lots of horns,"Tower of Power, Chicago, David Sanborn, Blood Sweat & Tears, The Duke Ellington Orchestra","Synthetic, ULM 24B"
hip hop with a lot of jazz samples,"Madlib, Nujabes, Gang Starr, MF Doom","Synthetic, ULM 24B"
rock with a horn section,"Chicago, ELP, Boston, Santana, Umphrey's McGee","Synthetic, ULM 24B"
classic rock,"The Beatles, Led Zeppelin, Pink Floyd, The Who, David Bowie","Synthetic, ULM 24B"
classical music for piano,"Chopin, Beethoven, Bach, Rachmaninoff, Mozart","Synthetic, ULM 24B"
acoustic live music,"Neutral Milk Hotel, The Mountain Goats, Damien Rice, Elliott Smith, Nick Drake","Synthetic, ULM 24B"
dance music for a house party,"Justice, Daft Punk, Disclosure, Calvin Harris","Synthetic, ULM 24B"
music for roadtrips,"The Beatles, Bob Dylan, Stevie Wonder, Bob Marley, The Beach Boys","Synthetic, ULM 24B"
music for a rainy day,"Elliott Smith, The Microphones, Bon Iver, Mount Eerie, Sufjan Stevens","Synthetic, ULM 24B"
classic hip hop,"RUN-DMC, Beastie Boys, Public Enemy, Grandmaster Flash, Ice-T","Synthetic, ULM 24B"
songs about falling in love,"Bob Dylan, Billy Joel, George Harrison, Paul McCartney, John Mayer, Fleetwood Mac","Synthetic, ULM 24B"
electronic music,"Aphex Twin, Flying Lotus, Autechre, Bonobo, Daft Punk","Synthetic, ULM 24B"
modern classical music,"John Adams, Philip Glass, Arvo Pärt, Steve Reich, John Cage","Synthetic, ULM 24B"
classical music that is uplifting,"Antonio Vivaldi, Wolfgang Amadeus Mozart, Johann Sebastian Bach, Georg Friedrich Händel, Sergei Prokofiev","Synthetic, ULM 24B"
jazz that's hip,"BadBadNotGood, Charles Mingus, Ornette Coleman, Thelonious Monk, Miles Davis","Synthetic, ULM 24B"
electronic that doesn't suck,"Squarepusher, Autechre, Boards of Canada, Aphex Twin, Flying Lotus","Synthetic, ULM 24B"
music for parties,"DJ Snake, Calvin Harris, David Guetta, Avicii, Skrillex","Synthetic, ULM 24B"
opera singing,"Elisabeth Schwarzkopf, Maria Callas, Leontyne Price, Anna Netrebko, Jetta Beckman","Synthetic, ULM 24B"
electronic music that has some substance,"Vangelis, Philip Glass, Klaus Schultze, Tangerine Dream, John Carpenter","Synthetic, ULM 24B"
music for a funeral,"Elliott Smith, Leonard Cohen, Nick Drake, The Antlers","Synthetic, ULM 24B"
music to do homework to,"Fleet Foxes, Ben Folds, Jose Gonzalez, The xx, The Drums","Synthetic, ULM 24B"
music to learn math to,"Boards of Canada, Explosions in the Sky, A Silver Mt. Zion, Mogwai, Godspeed You! Black Emperor","Synthetic, ULM 24B"
music for the beach,"Steel Pulse, Bob Marley, The Original Wailers, Sublime","Synthetic, ULM 24B"
classic rock that I've never heard before,"Electric Light Orchestra, Supertramp, Hall & Oates, The Who, Genesis","Synthetic, ULM 24B"
music for a baby shower,"The Beach Boys, Frank Sinatra, Louis Armstrong, Ella Fitzgerald, Julie London","Synthetic, ULM 24B"
jazz music for a slow dancing,"Sade, John Coltrane, Bill Evans, Pat Metheny, Oscar Peterson","Synthetic, ULM 24B"
songs about love,"The Smiths, The Beatles, The Cure, Bright Eyes, Arcade Fire","Synthetic, ULM 24B"
theatrical songs,"Les Misérables, The Phantom of the Opera, Sweeney Todd: The Demon Barber of Fleet Street, Miss Saigon, Jesus Christ Superstar","Synthetic, ULM 24B"
songs about space,"David Bowie, Kate Bush, Sigur Ròs, Pink Floyd, The Flaming Lips","Synthetic, ULM 24B"
classical music,"Mozart, Ludwig van Beethoven, Franz Schubert, Johann Sebastian Bach, Antonín Dvořák","Synthetic, ULM 24B"
music people who grew up in the 80s will get,"The Talking Heads, Prince, Kate Bush, Tears for Fears, The Cure","Synthetic, ULM 24B"
old black-and-white movies,"The Andrews Sisters, Billie Holiday, Nat King Cole, The Ink Spots, The Boswell Sisters","Synthetic, ULM 24B"
music that sounds like an adventure,"Journey, The Doors, Jimi Hendrix, Jethro Tull, ELO","Synthetic, ULM 24B"
death metal with clean vocals,"Mastodon, Ghost, Killswitch Engage, Opeth, Trivium","Synthetic, ULM 24B"
music for a dark dance party,"Sylvan Esso, The Antlers, Bon Iver, Beach House, Radiohead","Synthetic, ULM 24B"
hard rock,"Led Zeppelin, AC/DC, Metallica, Judas Priest, Van Halen","Synthetic, ULM 24B"
popular music,"Taylor Swift, Drake, Kanye West, Ed Sheeran, Coldplay","Synthetic, ULM 24B"
the classics,"Beethoven, Mozart, Wagner, Chopin, Vivaldi","Synthetic, ULM 24B"
music for reading,"Bon Iver, Gregory Alan Isakov, Iron & Wine, Laura Marling, Noah and the Whale","Synthetic, ULM 24B"
soul music,"Janelle Monáe, Lauryn Hill, Azealia Banks, Jill Scott, Erykah Badu","Synthetic, ULM 24B"
hard-to-pronounce foreign singers,"Låpsley, Stromae, MØ, Stromae, Tove Lo","Synthetic, ULM 24B"
indie rock,"Arcade Fire, Beach House, Bon Iver, The National, The Decemberists","Synthetic, ULM 24B"
music that sounds like Christmas,"Enya, Sarah McLachlan, Mariah Carey, Norah Jones","Synthetic, ULM 24B"
classical music,"Yo-Yo Ma, Vanessa-Mae, Yanni, Hans Zimmer, John Williams","Synthetic, ULM 24B"
folk and bluegrass,"Fleet Foxes, Mumford and Sons, The Avett Brothers, The Civil Wars, Old Crow Medicine Show","Synthetic, ULM 24B"
weird electronic music,"Aphex Twin, Flying Lotus, Grimes, Oneohtrix Point Never","Synthetic, ULM 24B"
angry music,"Pink Guy, NOFX, The Exploited, Rage Against The Machine, Misfits","Synthetic, ULM 24B"
angry music,"The Sex Pistols, Rage Against the Machine, Megadeth, Pantera","Synthetic, ULM 24B"
punk music,"Bad Brains, Minor Threat, Black Flag, Dead Kennedys, Operation Ivy","Synthetic, ULM 24B"
music for road trips,"The Black Keys, Tom Petty and The Heartbreakers, Wilco, Bob Seger, Bob Dylan","Synthetic, ULM 24B"
female vocalists,"Janis Joplin, Lauryn Hill, Regina Spektor, Norah Jones, Amy Winehouse","Synthetic, ULM 24B"
orchestral music,"Handel, Bach, Beethoven, Haydn, Mozart","Synthetic, ULM 24B"
alternative pop,"Gotye, The Postal Service, Feist, M83, The Knife","Synthetic, ULM 24B"
old music that sounds new​,"Radiohead, Nirvana, The Clash, The Pixies, The Velvet Underground","Synthetic, ULM 24B"
music to get ready with,"Outkast, A Tribe Called Quest, Nas, Tupac, Run–DMC","Synthetic, ULM 24B"
opera​,"Franz Liszt, Giacomo Puccini, Giuseppe Verdi, Gioacchino Rossini, Wolfgang Amadeus Mozart","Synthetic, ULM 24B"
jazz,"Louis Armstrong, Ella Fitzgerald, Benny Goodman, Duke Ellington, Coleman Hawkins","Synthetic, ULM 24B"
music for study break,"Lana Del Rey, Frank Ocean, The xx, Radiohead, Boards of Canada","Synthetic, ULM 24B"
acoustic jazz,"Frank Sinatra, Diana Krall, Norah Jones, Chet Baker, Billie Holiday","Synthetic, ULM 24B"
music with lots of percussion,"The Roots, A Tribe Called Quest, The Mars Volta, Primus, Beck","Synthetic, ULM 24B"
electronic dance music,"SebastiAn, Moderat, Caribou, Crystal Castles, Deadmau5","Synthetic, ULM 24B"
weird electronic​,"Jan Jelinek, Oval, Mouse on Mars, Boards of Canada","Synthetic, ULM 24B"
electronic music from the 90s,"Autechre, Björk, Aphex Twin, Goldie, Chemical Brothers","Synthetic, ULM 24B"